{
    "name": "ibmqx2",
    "swap_duration": 3,
    "count_physical_qubit": 5,
    "list_qubit_edge": [[0, 1], [0, 2], [1, 2], [2, 3], [2, 4], [3, 4]],
    "list_fidelity_two": [0.971324125855421,
                          0.9728188875810317,
                          0.9632801476247475,
                          0.9347599759334276,
                          0.9356666889085882,
                          0.9502316716169495],
    "list_fidelity_measure": [0.846, 0.937, 0.962, 0.97, 0.926],
    "list_fidelity_single": [0.9992273692706546,
                             0.9988839145121239,
                             0.9989697818583652,
                             0.9984545411897114,
                             0.9987121725030761]
}