{
    "name": "melbourne",
    "swap_duration": 3,
    "count_physical_qubit": 14,
    "list_qubit_edge": [[5, 4], [2, 3], [11, 3], [4, 3], [5, 9], [11, 12],
                        [13, 1], [11, 10], [13, 12], [6, 8], [1, 0], [9, 10],
                        [1, 2], [7, 8], [12, 2], [4, 10], [5, 6], [9, 8]],
    "list_fidelity_single": [0.996757189527604,
                             0.9793793725978255,
                             0.9897185653226979,
                             0.9987609056484434,
                             0.9964841388928687,
                             0.9916932994004406,
                             0.9848184244233908,
                             0.9833042956834309,
                             0.9978444026534106,
                             0.9925626580199498,
                             0.9914763338475653,
                             0.99580965731764,
                             0.9969675362043758,
                             0.8793886441600057],
    "list_fidelity_measure": [0.9691000000000001,
                              0.9681,
                              0.9647,
                              0.7399,
                              0.9715,
                              0.9373,
                              0.9671000000000001,
                              0.5325,
                              0.9648,
                              0.8425,
                              0.7686,
                              0.9556,
                              0.9376,
                              0.8989],
    "list_fidelity_two": [0.9500415764843599,
                          0.9574552240406733,
                          0.9571530007346793,
                          0.9439360238197881,
                          0.861262453129556,
                          0.9551420419704448,
                          0.6611596066648988,
                          0.39959221674416556,
                          0.7455161999254012,
                          0.9611064583395956,
                          0.9555453046248608,
                          0.9152715894185248,
                          0.9306612972854601,
                          0.6615054815895598,
                          0.9019897225982896,
                          0.9515933858380659,
                          0.9379522648979998,
                          0.9457406533540407]
}